{"cameraMode":{"drawMode":0,"name":"Shaded","section":"Shading Mode"},"sceneLighting":false,"audioPlay":false,"sceneViewState":{"m_AlwaysRefresh":false,"showFog":true,"showSkybox":false,"showFlares":true,"showImageEffects":true,"showParticleSystems":true,"showVisualEffectGraphs":true,"m_FxEnabled":true},"in2DMode":false,"pivot":{"x":15.94215202331543,"y":5.9220733642578129,"z":-27.77946662902832},"rotation":{"x":-0.32483798265457156,"y":-0.10583402216434479,"z":0.036602236330509189,"w":-0.9391345381736755},"size":0.3528304100036621,"orthographic":false}